[
    {
        "event_id": "3f55e8066c467d14885feb3a7c8d338b",
        "parent_event_id": "9acf9c6f117a4c2d02de30294ec29da9"
    },
    {
        "event_id": "4a6758d5ea4e812bd23c82c5d92c87ae",
        "parent_event_id": "53b4b807fb3570b13d95509de71080be"
    },
    {
        "event_id": "704d5c7355ae1b3331574ed19d3fbe59",
        "parent_event_id": "704d5c7355ae1b3331574ed19d3fbe59"
    },
    {
        "event_id": "e8e0cf361ff136cdaf9c6a38c45e5ac5",
        "parent_event_id": "e1acd6855878d06358834b9138ff022e"
    },
    {
        "event_id": "a03082d84eb9f8120805da377f84629c",
        "parent_event_id": "0acc3f66b631cdfa14ec5e3c163def03"
    },
    {
        "event_id": "17850e8747bd7162010d4b00042c1948",
        "parent_event_id": "e1acd6855878d06358834b9138ff022e"
    },
    {
        "event_id": "9a3d13d5a99ec72ecad61d002bde1ad7",
        "parent_event_id": "9acf9c6f117a4c2d02de30294ec29da9"
    },
    {
        "event_id": "58b056bd92cfa0b0bca4cd70af9377c1",
        "parent_event_id": "ebc8756da06e3e4dd4e34d6ddde3f964"
    },
    {
        "event_id": "b1c607b0855c5dd54cd64252c463cc38",
        "parent_event_id": "acd9b6be9bf9f9c4d554f17c95b09ecd"
    },
    {
        "event_id": "fcef1b419403415e6d7ac56a4378d5c7",
        "parent_event_id": "a1ab707e80b0495673874132e1363b04"
    },
    {
        "event_id": "0acc3f66b631cdfa14ec5e3c163def03",
        "parent_event_id": "0acc3f66b631cdfa14ec5e3c163def03"
    },
    {
        "event_id": "81b2cb5495c26dc17ebb6c3ba676ef75",
        "parent_event_id": "ebc8756da06e3e4dd4e34d6ddde3f964"
    },
    {
        "event_id": "dff0f120a22c3450f6ee6c8e097a4c9b",
        "parent_event_id": "9acf9c6f117a4c2d02de30294ec29da9"
    },
    {
        "event_id": "74eacfb6b4e11fe58d0f610f167aac67",
        "parent_event_id": "0acc3f66b631cdfa14ec5e3c163def03"
    },
    {
        "event_id": "e83fc587661220aebe5e83915e0d5e15",
        "parent_event_id": "e875124048961d3392194b1325b1a16d"
    },
    {
        "event_id": "070b251da2c282f46239e3af05070454",
        "parent_event_id": "5882f04c86ed08c95e2b01ac2239fbdf"
    },
    {
        "event_id": "b7771665663941f898d1fdd6b01889a9",
        "parent_event_id": "e875124048961d3392194b1325b1a16d"
    },
    {
        "event_id": "32991756f71805ba43b52afab31328b1",
        "parent_event_id": "0acc3f66b631cdfa14ec5e3c163def03"
    },
    {
        "event_id": "69de6ee203ad456b13bbb55280e05a70",
        "parent_event_id": "0528868f4407b67027339edf6589bf30"
    },
    {
        "event_id": "e9172ca5ba4bd849c8c1b36e48c62718",
        "parent_event_id": "53b4b807fb3570b13d95509de71080be"
    },
    {
        "event_id": "08daa5fea4d5cac8d8e0c1b343e81035",
        "parent_event_id": "62f0e350a5d92dfdfc230aa84ffeda75"
    },
    {
        "event_id": "387d9ca47f2019462ef0ef71844ee020",
        "parent_event_id": "5882f04c86ed08c95e2b01ac2239fbdf"
    },
    {
        "event_id": "044646a4e5b0422309add9372e92911f",
        "parent_event_id": "044646a4e5b0422309add9372e92911f"
    },
    {
        "event_id": "f5e168d36fa939f8fecb242cb1148d60",
        "parent_event_id": "e1acd6855878d06358834b9138ff022e"
    },
    {
        "event_id": "7a870241a67d33a230db6c483bce3f32",
        "parent_event_id": "b51896293b26a445d230f764b43d56eb"
    },
    {
        "event_id": "0939cc4b7ae10567212b0f856ae3884d",
        "parent_event_id": "b51896293b26a445d230f764b43d56eb"
    },
    {
        "event_id": "394559e68ea10969b012e16713c3d58b",
        "parent_event_id": "b51896293b26a445d230f764b43d56eb"
    },
    {
        "event_id": "60cb730b1ea95a92c3ea202ead3b0ef7",
        "parent_event_id": "a1ab707e80b0495673874132e1363b04"
    },
    {
        "event_id": "e47ab9e446bfb932620bfbb799c9b1bb",
        "parent_event_id": "37b6debeb44d4442fcc8b32bf04a4baf"
    },
    {
        "event_id": "b4ad626c129e2b37443b1f6a8ac7869a",
        "parent_event_id": "37b6debeb44d4442fcc8b32bf04a4baf"
    },
    {
        "event_id": "0970853db30016d3e63669e6671a8e3d",
        "parent_event_id": "e0aade1cd567f730e498e248bbd6acdf"
    },
    {
        "event_id": "9a314abd1d002c39db312194cd301465",
        "parent_event_id": "62f0e350a5d92dfdfc230aa84ffeda75"
    },
    {
        "event_id": "efd702c3552d8dc04d812260655f4854",
        "parent_event_id": "0acc3f66b631cdfa14ec5e3c163def03"
    },
    {
        "event_id": "5899d1b87e1559f51757c7ad353afda8",
        "parent_event_id": "acd9b6be9bf9f9c4d554f17c95b09ecd"
    },
    {
        "event_id": "65ecdf06886dd5e4ec7772ee2fc5e060",
        "parent_event_id": "e1acd6855878d06358834b9138ff022e"
    },
    {
        "event_id": "7a4cf1ab739ce23083967eed93d74b17",
        "parent_event_id": "37b6debeb44d4442fcc8b32bf04a4baf"
    },
    {
        "event_id": "12724b6f615515a561c3740c87608140",
        "parent_event_id": "0d98c74797e49d00bcc4c17c9d557a2b"
    },
    {
        "event_id": "1676ed9df7f332448d3ed9ea7ef15f9d",
        "parent_event_id": "53b4b807fb3570b13d95509de71080be"
    },
    {
        "event_id": "343f79f705b21eb2ce359f352c9437aa",
        "parent_event_id": "e0aade1cd567f730e498e248bbd6acdf"
    },
    {
        "event_id": "5162cec3e8f696e58e799ece01418542",
        "parent_event_id": "a1ab707e80b0495673874132e1363b04"
    },
    {
        "event_id": "600ef49031974dc8a06bb19c70f9902e",
        "parent_event_id": "ebc8756da06e3e4dd4e34d6ddde3f964"
    },
    {
        "event_id": "2c29be9207dd2c8595485438ee0c0cda",
        "parent_event_id": "704d5c7355ae1b3331574ed19d3fbe59"
    },
    {
        "event_id": "610d0375d1d0e94d1965103627257993",
        "parent_event_id": "0acc3f66b631cdfa14ec5e3c163def03"
    },
    {
        "event_id": "337fe6cde299fb91b2c8a09bd91569c9",
        "parent_event_id": "0d98c74797e49d00bcc4c17c9d557a2b"
    },
    {
        "event_id": "25f149d027efc377295878f9334f13e6",
        "parent_event_id": "0528868f4407b67027339edf6589bf30"
    },
    {
        "event_id": "cde110baf44feb8febd8dd4891b5e0fb",
        "parent_event_id": "e0aade1cd567f730e498e248bbd6acdf"
    },
    {
        "event_id": "163a239c6cc597689671424cc615a3cb",
        "parent_event_id": "163a239c6cc597689671424cc615a3cb"
    },
    {
        "event_id": "64f0309601322b9a1fae9d1904de6d69",
        "parent_event_id": "0d98c74797e49d00bcc4c17c9d557a2b"
    },
    {
        "event_id": "a001ed1cf190f9795d4d3fa6700bfd2b",
        "parent_event_id": "62f0e350a5d92dfdfc230aa84ffeda75"
    },
    {
        "event_id": "2045be66c487921dab8aec1b641d1aef",
        "parent_event_id": "9acf9c6f117a4c2d02de30294ec29da9"
    },
    {
        "event_id": "817c978cbb9526df3b2b54ded3e4c099",
        "parent_event_id": "acd9b6be9bf9f9c4d554f17c95b09ecd"
    },
    {
        "event_id": "1a634feacb18220b227bd3b39cae0284",
        "parent_event_id": "acd9b6be9bf9f9c4d554f17c95b09ecd"
    },
    {
        "event_id": "811ba9ddbf8ba61af81f99bffcc90b47",
        "parent_event_id": "62f0e350a5d92dfdfc230aa84ffeda75"
    },
    {
        "event_id": "1763b81b09ca6e1373edea90fb5784ff",
        "parent_event_id": "a1ab707e80b0495673874132e1363b04"
    },
    {
        "event_id": "ce905555110690ebdc637b286644d646",
        "parent_event_id": "0528868f4407b67027339edf6589bf30"
    },
    {
        "event_id": "efcbf12377050a613796c6e069e2e3ce",
        "parent_event_id": "0528868f4407b67027339edf6589bf30"
    }
]